<?xml version="1.0" encoding="UTF-8"?>
<project-private xmlns="http://www.netbeans.org/ns/project-private/1">
    <editor-bookmarks xmlns="http://www.netbeans.org/ns/editor-bookmarks/2" lastBookmarkId="0"/>
    <open-files xmlns="http://www.netbeans.org/ns/projectui-open-files/2">
        <group>
            <file>file:/C:/Users/thasr/OneDrive/Documents/internship/PHMS/PHMS/SOURCECODE/SRC/web/Attributor_Home.jsp</file>
            <file>file:/C:/Users/thasr/OneDrive/Documents/internship/PHMS/PHMS/SOURCECODE/SRC/web/Authorize_Action.jsp</file>
            <file>file:/C:/Users/thasr/OneDrive/Documents/internship/PHMS/PHMS/SOURCECODE/SRC/web/Authorize_Owner.jsp</file>
            <file>file:/C:/Users/thasr/OneDrive/Documents/internship/PHMS/PHMS/SOURCECODE/SRC/web/Attribure_Login.jsp</file>
            <file>file:/C:/Users/thasr/OneDrive/Documents/internship/PHMS/PHMS/SOURCECODE/SRC/web/Authorize_ActionUser.jsp</file>
            <file>file:/C:/Users/thasr/OneDrive/Documents/internship/PHMS/PHMS/SOURCECODE/SRC/web/key_check.jsp</file>
            <file>file:/C:/Users/thasr/OneDrive/Documents/internship/PHMS/PHMS/SOURCECODE/SRC/web/index.jsp</file>
            <file>file:/C:/Users/thasr/OneDrive/Documents/internship/PHMS/PHMS/SOURCECODE/SRC/web/trapdoor.jsp</file>
        </group>
    </open-files>
</project-private>
